{
  "model": "bit",
  "dataset": "cifar10",
  "trainable_params": 14979082,
  "train_loss": 0.5090706674957275,
  "train_accuracy": 0.99646,
  "test_accuracy": 0.9596,
  "test_loss": 0.21605178871154784
}