{
    "mnist": {
        "uniform": {
            "uniform_16bit": {
                "accuracy": 0.986,
                "precision": 0.9860687245195109,
                "recall": 0.986,
                "f1": 0.9859994469027932
            },
            "uniform_2bit": {
                "accuracy": 0.1,
                "precision": 0.01,
                "recall": 0.1,
                "f1": 0.018181818181818184
            },
            "uniform_4bit": {
                "accuracy": 0.959,
                "precision": 0.9622146252611448,
                "recall": 0.959,
                "f1": 0.9596511330487124
            },
            "uniform_8bit": {
                "accuracy": 0.99,
                "precision": 0.9900974450386214,
                "recall": 0.99,
                "f1": 0.9899944255732106
            }
        },
        "full": {
            "accuracy": 0.985,
            "precision": 0.9850156531008758,
            "recall": 0.985,
            "f1": 0.9849641255063323
        },
        "ot": {
            "ot_16bit": {
                "accuracy": 0.977,
                "precision": 0.9774447101462524,
                "recall": 0.977,
                "f1": 0.976997872908303
            },
            "ot_2bit": {
                "accuracy": 0.103,
                "precision": 0.21006036217303825,
                "recall": 0.103,
                "f1": 0.024183302296247475
            },
            "ot_4bit": {
                "accuracy": 0.945,
                "precision": 0.95014515247559,
                "recall": 0.945,
                "f1": 0.9461426528316664
            },
            "ot_8bit": {
                "accuracy": 0.981,
                "precision": 0.9813015223671363,
                "recall": 0.981,
                "f1": 0.9809448261189689
            }
        }
    },
    "fmnist": {
        "uniform": {
            "uniform_16bit": {
                "accuracy": 0.926,
                "precision": 0.9267920530218896,
                "recall": 0.926,
                "f1": 0.9259220836101958
            },
            "uniform_2bit": {
                "accuracy": 0.113,
                "precision": 0.024052747134332784,
                "recall": 0.113,
                "f1": 0.0390409330681295
            },
            "uniform_4bit": {
                "accuracy": 0.844,
                "precision": 0.8646924851297086,
                "recall": 0.844,
                "f1": 0.8450721927518056
            },
            "uniform_8bit": {
                "accuracy": 0.904,
                "precision": 0.9051031333978907,
                "recall": 0.904,
                "f1": 0.9037702495141812
            }
        },
        "full": {
            "accuracy": 0.915,
            "precision": 0.9170194299630866,
            "recall": 0.915,
            "f1": 0.9148673003028358
        },
        "ot": {
            "ot_16bit": {
                "accuracy": 0.925,
                "precision": 0.9245699510272876,
                "recall": 0.925,
                "f1": 0.9242223694994244
            },
            "ot_2bit": {
                "accuracy": 0.129,
                "precision": 0.4182880812104113,
                "recall": 0.129,
                "f1": 0.09201776206784082
            },
            "ot_4bit": {
                "accuracy": 0.842,
                "precision": 0.8468715167823838,
                "recall": 0.842,
                "f1": 0.8427699476104967
            },
            "ot_8bit": {
                "accuracy": 0.886,
                "precision": 0.8862374520536416,
                "recall": 0.886,
                "f1": 0.8849076589696203
            }
        }
    },
    "cifar10": {
        "uniform": {
            "uniform_16bit": {
                "accuracy": 0.453,
                "precision": 0.5197735875153598,
                "recall": 0.453,
                "f1": 0.4425077127831765
            },
            "uniform_2bit": {
                "accuracy": 0.1,
                "precision": 0.024295825509172326,
                "recall": 0.1,
                "f1": 0.02005097706032286
            },
            "uniform_4bit": {
                "accuracy": 0.136,
                "precision": 0.1867347926825051,
                "recall": 0.136,
                "f1": 0.07167505133783239
            },
            "uniform_8bit": {
                "accuracy": 0.442,
                "precision": 0.4982472040188825,
                "recall": 0.442,
                "f1": 0.43577296169193713
            }
        },
        "full": {
            "accuracy": 0.454,
            "precision": 0.5067886383459148,
            "recall": 0.454,
            "f1": 0.4458601215786656
        },
        "ot": {
            "ot_16bit": {
                "accuracy": 0.424,
                "precision": 0.48647972011906726,
                "recall": 0.424,
                "f1": 0.41338335181845476
            },
            "ot_2bit": {
                "accuracy": 0.196,
                "precision": 0.2108114732935122,
                "recall": 0.196,
                "f1": 0.14901735737438837
            },
            "ot_4bit": {
                "accuracy": 0.306,
                "precision": 0.45148703143058594,
                "recall": 0.306,
                "f1": 0.2791047152607402
            },
            "ot_8bit": {
                "accuracy": 0.52,
                "precision": 0.5726182312894617,
                "recall": 0.52,
                "f1": 0.5258081623884551
            }
        }
    }
}