{
  "celebA": {
    "uniform": {
      "uniform_16bit": {
        "fid": 110.87540435791016,
        "is_mean": 2.4794230461120605,
        "is_std": 0.14980120956897736
      },
      "uniform_2bit": {
        "fid": 429.2408752441406,
        "is_mean": 1.098082184791565,
        "is_std": 0.007824220694601536
      },
      "uniform_4bit": {
        "fid": 435.227294921875,
        "is_mean": 1.1141366958618164,
        "is_std": 0.006829698104411364
      },
      "uniform_8bit": {
        "fid": 116.34354400634766,
        "is_mean": 2.5399186611175537,
        "is_std": 0.18709170818328857
      }
    },
    "full": {
      "fid": 110.69694519042969,
      "is_mean": 2.588502883911133,
      "is_std": 0.11089026182889938
    },
    "ot": {
      "ot_16bit": {
        "fid": 110.54346466064453,
        "is_mean": 2.4807636737823486,
        "is_std": 0.18630366027355194
      },
      "ot_2bit": {
        "fid": 446.8759765625,
        "is_mean": 1.2480744123458862,
        "is_std": 0.02346700243651867
      },
      "ot_4bit": {
        "fid": 368.8178405761719,
        "is_mean": 1.2770594358444214,
        "is_std": 0.022371575236320496
      },
      "ot_8bit": {
        "fid": 401.83935546875,
        "is_mean": 1.5653892755508423,
        "is_std": 0.046110913157463074
      }
    }
  },
  "mnist": {
    "uniform": {
      "uniform_16bit": {
        "fid": 10.637153625488281,
        "is_mean": 2.1221425533294678,
        "is_std": 0.11492977291345596
      },
      "uniform_2bit": {
        "fid": 368.2138671875,
        "is_mean": 1.1464811563491821,
        "is_std": 0.015869468450546265
      },
      "uniform_4bit": {
        "fid": 103.94624328613281,
        "is_mean": 2.0150649547576904,
        "is_std": 0.07778998464345932
      },
      "uniform_8bit": {
        "fid": 12.618385314941406,
        "is_mean": 2.0855298042297363,
        "is_std": 0.12282275408506393
      }
    },
    "full": {
      "fid": 10.842366218566895,
      "is_mean": 2.1312546730041504,
      "is_std": 0.08703633397817612
    },
    "ot": {
      "ot_16bit": {
        "fid": 10.319713592529297,
        "is_mean": 2.1295430660247803,
        "is_std": 0.06971464306116104
      },
      "ot_2bit": {
        "fid": 198.6027374267578,
        "is_mean": 1.8324342966079712,
        "is_std": 0.08279263228178024
      },
      "ot_4bit": {
        "fid": 105.22908020019531,
        "is_mean": 2.0381550788879395,
        "is_std": 0.07433100789785385
      },
      "ot_8bit": {
        "fid": 22.803009033203125,
        "is_mean": 2.0163846015930176,
        "is_std": 0.05255356431007385
      }
    }
  },
  "fmnist": {
    "uniform": {
      "uniform_16bit": {
        "fid": 21.76239776611328,
        "is_mean": 4.0229315757751465,
        "is_std": 0.2831796109676361
      },
      "uniform_2bit": {
        "fid": 402.47247314453125,
        "is_mean": 1.056354284286499,
        "is_std": 0.006830182392150164
      },
      "uniform_4bit": {
        "fid": 74.21890258789062,
        "is_mean": 3.9674270153045654,
        "is_std": 0.3644424378871918
      },
      "uniform_8bit": {
        "fid": 22.438650131225586,
        "is_mean": 4.040060520172119,
        "is_std": 0.17795798182487488
      }
    },
    "full": {
      "fid": 22.193138122558594,
      "is_mean": 4.219095706939697,
      "is_std": 0.36048823595046997
    },
    "ot": {
      "ot_16bit": {
        "fid": 21.247472763061523,
        "is_mean": 4.054105281829834,
        "is_std": 0.255546897649765
      },
      "ot_2bit": {
        "fid": 239.2725830078125,
        "is_mean": 2.2029054164886475,
        "is_std": 0.07956776022911072
      },
      "ot_4bit": {
        "fid": 58.2563362121582,
        "is_mean": 3.999842882156372,
        "is_std": 0.27180227637290955
      },
      "ot_8bit": {
        "fid": 24.10504150390625,
        "is_mean": 4.092467784881592,
        "is_std": 0.3567822575569153
      }
    }
  },
  "cifar10": {
    "uniform": {
      "uniform_16bit": {
        "fid": 73.51581573486328,
        "is_mean": 5.437986850738525,
        "is_std": 0.4425431787967682
      },
      "uniform_2bit": {
        "fid": 430.3783264160156,
        "is_mean": 1.0904110670089722,
        "is_std": 0.009596015326678753
      },
      "uniform_4bit": {
        "fid": 294.27850341796875,
        "is_mean": 1.5787266492843628,
        "is_std": 0.06559046357870102
      },
      "uniform_8bit": {
        "fid": 73.51893615722656,
        "is_mean": 5.580979347229004,
        "is_std": 0.40423378348350525
      }
    },
    "full": {
      "fid": 73.35975646972656,
      "is_mean": 5.499666690826416,
      "is_std": 0.3189816474914551
    },
    "ot": {
      "ot_16bit": {
        "fid": 73.84970092773438,
        "is_mean": 5.6480488777160645,
        "is_std": 0.3682386577129364
      },
      "ot_2bit": {
        "fid": 250.91738891601562,
        "is_mean": 2.713308095932007,
        "is_std": 0.10860421508550644
      },
      "ot_4bit": {
        "fid": 183.71224975585938,
        "is_mean": 4.612061500549316,
        "is_std": 0.30766692757606506
      },
      "ot_8bit": {
        "fid": 74.79663848876953,
        "is_mean": 6.327373504638672,
        "is_std": 0.5505361557006836
      }
    }
  }
}